<?xml version="1.0"?>
<opencv_storage>
<CornersAmount>48</CornersAmount>
<Corner_0>
  231 350</Corner_0>
<Corner_1>
  243 347</Corner_1>
<Corner_2>
  252 344</Corner_2>
<Corner_3>
  262 341</Corner_3>
<Corner_4>
  271 338</Corner_4>
<Corner_5>
  280 336</Corner_5>
<Corner_6>
  289 333</Corner_6>
<Corner_7>
  297 330</Corner_7>
<Corner_8>
  241 352</Corner_8>
<Corner_9>
  251 350</Corner_9>
<Corner_10>
  260 346</Corner_10>
<Corner_11>
  271 343</Corner_11>
<Corner_12>
  279 341</Corner_12>
<Corner_13>
  289 339</Corner_13>
<Corner_14>
  298 336</Corner_14>
<Corner_15>
  305 332</Corner_15>
<Corner_16>
  248 356</Corner_16>
<Corner_17>
  259 353</Corner_17>
<Corner_18>
  269 350</Corner_18>
<Corner_19>
  280 346</Corner_19>
<Corner_20>
  289 344</Corner_20>
<Corner_21>
  298 340</Corner_21>
<Corner_22>
  307 338</Corner_22>
<Corner_23>
  315 335</Corner_23>
<Corner_24>
  258 360</Corner_24>
<Corner_25>
  268 357</Corner_25>
<Corner_26>
  279 352</Corner_26>
<Corner_27>
  288 350</Corner_27>
<Corner_28>
  298 347</Corner_28>
<Corner_29>
  307 343</Corner_29>
<Corner_30>
  316 340</Corner_30>
<Corner_31>
  324 338</Corner_31>
<Corner_32>
  267 364</Corner_32>
<Corner_33>
  278 360</Corner_33>
<Corner_34>
  289 356</Corner_34>
<Corner_35>
  297 352</Corner_35>
<Corner_36>
  307 350</Corner_36>
<Corner_37>
  316 346</Corner_37>
<Corner_38>
  324 344</Corner_38>
<Corner_39>
  333 340</Corner_39>
<Corner_40>
  277 367</Corner_40>
<Corner_41>
  289 363</Corner_41>
<Corner_42>
  298 359</Corner_42>
<Corner_43>
  306 356</Corner_43>
<Corner_44>
  317 352</Corner_44>
<Corner_45>
  326 350</Corner_45>
<Corner_46>
  335 346</Corner_46>
<Corner_47>
  342 343</Corner_47>
</opencv_storage>
