<?xml version="1.0"?>
<opencv_storage>
<CornersAmount>48</CornersAmount>
<Corner_0>
  357 301</Corner_0>
<Corner_1>
  368 304</Corner_1>
<Corner_2>
  376 307</Corner_2>
<Corner_3>
  388 310</Corner_3>
<Corner_4>
  396 312</Corner_4>
<Corner_5>
  408 314</Corner_5>
<Corner_6>
  417 317</Corner_6>
<Corner_7>
  428 320</Corner_7>
<Corner_8>
  350 305</Corner_8>
<Corner_9>
  359 307</Corner_9>
<Corner_10>
  369 310</Corner_10>
<Corner_11>
  378 313</Corner_11>
<Corner_12>
  388 315</Corner_12>
<Corner_13>
  400 318</Corner_13>
<Corner_14>
  409 320</Corner_14>
<Corner_15>
  421 324</Corner_15>
<Corner_16>
  340 307</Corner_16>
<Corner_17>
  351 310</Corner_17>
<Corner_18>
  360 313</Corner_18>
<Corner_19>
  372 316</Corner_19>
<Corner_20>
  380 318</Corner_20>
<Corner_21>
  392 321</Corner_21>
<Corner_22>
  401 324</Corner_22>
<Corner_23>
  414 328</Corner_23>
<Corner_24>
  332 311</Corner_24>
<Corner_25>
  342 314</Corner_25>
<Corner_26>
  350 316</Corner_26>
<Corner_27>
  361 318</Corner_27>
<Corner_28>
  371 322</Corner_28>
<Corner_29>
  383 325</Corner_29>
<Corner_30>
  393 329</Corner_30>
<Corner_31>
  405 332</Corner_31>
<Corner_32>
  324 313</Corner_32>
<Corner_33>
  332 316</Corner_33>
<Corner_34>
  342 320</Corner_34>
<Corner_35>
  352 323</Corner_35>
<Corner_36>
  362 326</Corner_36>
<Corner_37>
  374 328</Corner_37>
<Corner_38>
  386 332</Corner_38>
<Corner_39>
  396 336</Corner_39>
<Corner_40>
  313 316</Corner_40>
<Corner_41>
  323 319</Corner_41>
<Corner_42>
  333 323</Corner_42>
<Corner_43>
  343 327</Corner_43>
<Corner_44>
  354 330</Corner_44>
<Corner_45>
  364 332</Corner_45>
<Corner_46>
  376 337</Corner_46>
<Corner_47>
  387 339</Corner_47>
</opencv_storage>
